Keyword;Search Volume;CPC;Competition;Number of Results;Trends;Intent;Keyword Difficulty Index
a prayer for peace when i am feeling overwhelmed;20;0;0;0;0.00,0.66,0.66,0.66,0.00,0.66,0.66,0.66,0.00,0.66,0.66,0.66;;0
a prayer for peace when you are feeling overwhelmed;20;0;0.8;0;0.66,0.66,0.66,0.66,0.66,0.66,0.66,0.66,0.66,0.66,0.66,0.66;;0
a prayer for when you are feeling overwhelmed;20;0;0.14;0;0.22,0.22,0.22,0.22,0.22,0.22,0.22,0.22,0.22,0.22,0.22,0.22;;0
a prayer for when you feel overwhelmed;20;0;0.3;0;0.22,0.22,0.22,0.22,0.22,0.22,0.22,0.22,0.22,0.22,0.22,0.22;;0
a prayer when feeling overwhelmed;20;0.03;0.39;0;0.14,0.14,0.14,0.14,0.14,0.14,0.14,0.14,0.14,0.14,0.14,0.14;;0
how to pray when you feel overwhelmed;20;0;0.29;0;0.28,0.28,0.28,0.28,0.28,0.28,0.28,0.28,0.28,0.28,0.28,0.28;;0
what to pray when you are overwhelmed;20;0;0.33;0;0.07,0.07,0.07,0.07,0.07,0.07,0.07,0.07,0.07,0.07,0.07,0.07;;0
a prayer when you feel overwhelmed;10;0;0.2;0;0.00,0.00,1.00,1.00,1.00,1.00,1.00;;0
a prayer for when one is feeling overwhelmed with workload;0;0;0;0;0.00,0.00,0.00,0.00,0.00,0.00,0.00,0.00,0.00,0.00,0.00,0.00;;0
a prayer when you are overwhelmed;0;0;0;0;0.00,0.00,0.00,0.00,0.00,0.00,0.00,0.00,0.00,0.00,0.00,0.00;;0
a prayer when you re feeling overwhelmed;0;0;0;0;0.00,0.00,0.00,0.00,0.00,0.00,0.00,0.00,0.00,0.00,0.00,0.00;;0
how to pray when feeling overwhelmed;0;0;0;0;0.00,0.00,0.00,0.00,0.00,0.00,0.00,0.00,0.00,0.00,0.00,0.00;;0
how to pray when overwhelmed;0;0;0;0;0.00,0.00,0.00,0.00,0.00,0.00,0.00,0.00,0.00,0.00,0.00,0.00;;0
how to pray when you are overwhelmed;0;0;0.33;0;0.00,0.00,0.00,0.00,0.00,0.00,0.00,0.00,0.00,0.00,0.00,0.00;;0
what to pray when overwhelmed and have no words;0;0;0;0;0.00,0.00,0.00,0.00,0.00,0.00,0.00,0.00,0.00,0.00,0.00,0.00;;0
when constant prayer feels overwhelming;0;0;0;0;0.00,0.00,0.00,0.00,0.00,0.00,0.00,0.00,0.00,0.00,0.00,0.00;;0
when praying i am overwhelmed and cry throughout my day;0;0;0;0;0.00,0.00,0.00,0.00,0.00,0.00,0.00,0.00,0.00,0.00,0.00,0.00;;0
when you re too overwhelmed to pray;0;0;0;0;0.00,0.00,0.00,0.00,0.00,0.00,0.00,0.00,0.00,0.00,0.00,0.00;;0
why pray when you are overwhelmed;0;0;0;0;0.00,0.00,0.00,0.00,0.00,0.00,0.00,0.00,0.00,0.00,0.00,0.00;;0